Asteroid ID,Name,Est diameter (km),Potentially hazardous?,Closest approach date,Approach velocity (kps),How much did the asteroid miss us by? (km),For more info on this asteroid: 
2415949,415949 (2001 XY10),0.57,False,2024-01-02,15.89,50452409.35,https://ssd.jpl.nasa.gov/tools/sbdb_lookup.html#/?sstr=2415949
3160747,(2003 SR84),0.03,False,2024-01-02,10.72,19798169.93,https://ssd.jpl.nasa.gov/tools/sbdb_lookup.html#/?sstr=3160747
3309828,(2005 YQ96),0.32,True,2024-01-02,15.67,24984732.56,https://ssd.jpl.nasa.gov/tools/sbdb_lookup.html#/?sstr=3309828
3457842,(2009 HC21),0.16,False,2024-01-02,6.08,73609796.92,https://ssd.jpl.nasa.gov/tools/sbdb_lookup.html#/?sstr=3457842
3553062,(2010 XA11),0.03,False,2024-01-02,8.74,35275514.13,https://ssd.jpl.nasa.gov/tools/sbdb_lookup.html#/?sstr=3553062
3591616,(2011 YP10),0.07,False,2024-01-02,5.81,10545147.18,https://ssd.jpl.nasa.gov/tools/sbdb_lookup.html#/?sstr=3591616
3608936,(2012 SD22),0.42,True,2024-01-02,11.02,24597313.44,https://ssd.jpl.nasa.gov/tools/sbdb_lookup.html#/?sstr=3608936
3795154,(2017 YD8),0.18,False,2024-01-02,18.99,30107678.45,https://ssd.jpl.nasa.gov/tools/sbdb_lookup.html#/?sstr=3795154
3842680,(2019 KK5),0.12,False,2024-01-02,20.83,3904096.68,https://ssd.jpl.nasa.gov/tools/sbdb_lookup.html#/?sstr=3842680
2613286,613286 (2005 YQ96),0.32,True,2024-01-02,15.67,24984795.05,https://ssd.jpl.nasa.gov/tools/sbdb_lookup.html#/?sstr=2613286
54338714,(2023 AW),0.03,False,2024-01-02,5.3,16252312.97,https://ssd.jpl.nasa.gov/tools/sbdb_lookup.html#/?sstr=54338714
54415081,(2023 XZ4),0.07,False,2024-01-02,11.33,21691678.39,https://ssd.jpl.nasa.gov/tools/sbdb_lookup.html#/?sstr=54415081
54417653,(2023 YR),0.05,False,2024-01-02,12.22,1729961.78,https://ssd.jpl.nasa.gov/tools/sbdb_lookup.html#/?sstr=54417653
54418497,(2024 AA),0.01,False,2024-01-02,21.43,610571.84,https://ssd.jpl.nasa.gov/tools/sbdb_lookup.html#/?sstr=54418497
54418796,(2022 OY78),0.02,False,2024-01-02,8.83,17553928.18,https://ssd.jpl.nasa.gov/tools/sbdb_lookup.html#/?sstr=54418796
54419485,(2024 AQ1),0.08,False,2024-01-02,15.47,6556678.64,https://ssd.jpl.nasa.gov/tools/sbdb_lookup.html#/?sstr=54419485
54419601,(2024 AA2),0.34,False,2024-01-02,16.0,28794164.53,https://ssd.jpl.nasa.gov/tools/sbdb_lookup.html#/?sstr=54419601
54420153,(2024 AR3),0.08,False,2024-01-02,13.04,7878470.46,https://ssd.jpl.nasa.gov/tools/sbdb_lookup.html#/?sstr=54420153
54421393,(2024 BK1),0.05,False,2024-01-02,5.85,36368802.56,https://ssd.jpl.nasa.gov/tools/sbdb_lookup.html#/?sstr=54421393
2669051,669051 (2012 SD22),0.42,True,2024-01-02,11.02,24597309.77,https://ssd.jpl.nasa.gov/tools/sbdb_lookup.html#/?sstr=2669051
54444997,(2024 KY),0.02,False,2024-01-02,6.28,35127451.54,https://ssd.jpl.nasa.gov/tools/sbdb_lookup.html#/?sstr=54444997
54445206,(2024 KJ1),0.02,False,2024-01-02,4.99,16030952.33,https://ssd.jpl.nasa.gov/tools/sbdb_lookup.html#/?sstr=54445206
3724393,(2015 OD22),0.25,False,2024-01-01,25.39,65417380.11,https://ssd.jpl.nasa.gov/tools/sbdb_lookup.html#/?sstr=3724393
3797695,(2018 BA),0.04,False,2024-01-01,16.71,59256680.3,https://ssd.jpl.nasa.gov/tools/sbdb_lookup.html#/?sstr=3797695
3986699,(2020 BC),0.02,False,2024-01-01,8.31,25070662.22,https://ssd.jpl.nasa.gov/tools/sbdb_lookup.html#/?sstr=3986699
54200446,(2021 SG2),0.03,False,2024-01-01,19.26,71794479.51,https://ssd.jpl.nasa.gov/tools/sbdb_lookup.html#/?sstr=54200446
54235663,(2022 AO2),0.06,False,2024-01-01,19.51,55049570.13,https://ssd.jpl.nasa.gov/tools/sbdb_lookup.html#/?sstr=54235663
54418438,(2023 YR1),0.03,False,2024-01-01,13.3,2484569.27,https://ssd.jpl.nasa.gov/tools/sbdb_lookup.html#/?sstr=54418438
54418650,(2023 YY1),0.03,False,2024-01-01,6.48,4058906.9,https://ssd.jpl.nasa.gov/tools/sbdb_lookup.html#/?sstr=54418650
54419698,(2024 AV2),0.02,False,2024-01-01,8.06,1452237.37,https://ssd.jpl.nasa.gov/tools/sbdb_lookup.html#/?sstr=54419698
54421384,(2024 AA6),0.04,False,2024-01-01,7.12,7351471.45,https://ssd.jpl.nasa.gov/tools/sbdb_lookup.html#/?sstr=54421384
2450293,450293 (2004 LV3),0.74,True,2024-01-04,23.72,37629939.1,https://ssd.jpl.nasa.gov/tools/sbdb_lookup.html#/?sstr=2450293
3541505,(2010 PJ),0.16,False,2024-01-04,18.41,48751391.9,https://ssd.jpl.nasa.gov/tools/sbdb_lookup.html#/?sstr=3541505
3759758,(2016 SU2),0.01,False,2024-01-04,17.12,24656351.16,https://ssd.jpl.nasa.gov/tools/sbdb_lookup.html#/?sstr=3759758
54244177,(2022 BR6),0.02,False,2024-01-04,20.31,67952893.52,https://ssd.jpl.nasa.gov/tools/sbdb_lookup.html#/?sstr=54244177
54377575,(2023 QC2),0.03,False,2024-01-04,5.38,66150221.24,https://ssd.jpl.nasa.gov/tools/sbdb_lookup.html#/?sstr=54377575
54416724,(2023 XX12),0.05,False,2024-01-04,6.91,8493706.12,https://ssd.jpl.nasa.gov/tools/sbdb_lookup.html#/?sstr=54416724
54416853,(2023 XS13),0.06,False,2024-01-04,6.9,23231366.09,https://ssd.jpl.nasa.gov/tools/sbdb_lookup.html#/?sstr=54416853
54418649,(2024 AD),0.01,False,2024-01-04,9.9,242675.94,https://ssd.jpl.nasa.gov/tools/sbdb_lookup.html#/?sstr=54418649
54419602,(2024 AB2),0.02,False,2024-01-04,7.0,744109.78,https://ssd.jpl.nasa.gov/tools/sbdb_lookup.html#/?sstr=54419602
2096590,96590 (1998 XB),2.39,False,2024-01-03,10.26,40361230.81,https://ssd.jpl.nasa.gov/tools/sbdb_lookup.html#/?sstr=2096590
3154493,(2003 JV14),0.23,False,2024-01-03,13.66,39218727.41,https://ssd.jpl.nasa.gov/tools/sbdb_lookup.html#/?sstr=3154493
3440771,(2008 WZ94),0.38,True,2024-01-03,14.42,72128922.75,https://ssd.jpl.nasa.gov/tools/sbdb_lookup.html#/?sstr=3440771
3591759,(2011 YE40),0.04,False,2024-01-03,13.08,17737010.47,https://ssd.jpl.nasa.gov/tools/sbdb_lookup.html#/?sstr=3591759
3595775,(2012 AB11),0.15,False,2024-01-03,18.36,42945020.55,https://ssd.jpl.nasa.gov/tools/sbdb_lookup.html#/?sstr=3595775
3605578,(2012 LJ2),0.19,False,2024-01-03,17.39,72656389.98,https://ssd.jpl.nasa.gov/tools/sbdb_lookup.html#/?sstr=3605578
3645001,(2013 NT11),0.55,False,2024-01-03,37.85,58024781.1,https://ssd.jpl.nasa.gov/tools/sbdb_lookup.html#/?sstr=3645001
3751529,(2016 GZ215),0.26,False,2024-01-03,3.73,47416427.49,https://ssd.jpl.nasa.gov/tools/sbdb_lookup.html#/?sstr=3751529
3787600,(2017 UJ2),0.0,False,2024-01-03,5.66,41723362.16,https://ssd.jpl.nasa.gov/tools/sbdb_lookup.html#/?sstr=3787600
3789479,(2017 WQ1),0.04,False,2024-01-03,21.65,58770868.08,https://ssd.jpl.nasa.gov/tools/sbdb_lookup.html#/?sstr=3789479
3837605,(2019 AE3),0.01,False,2024-01-03,8.51,32886309.8,https://ssd.jpl.nasa.gov/tools/sbdb_lookup.html#/?sstr=3837605
3986746,(2020 BG1),0.17,False,2024-01-03,8.52,65717561.1,https://ssd.jpl.nasa.gov/tools/sbdb_lookup.html#/?sstr=3986746
54048870,(2020 OU),0.15,False,2024-01-03,9.95,53503979.18,https://ssd.jpl.nasa.gov/tools/sbdb_lookup.html#/?sstr=54048870
54278142,(2022 JM),0.01,False,2024-01-03,4.2,24915574.93,https://ssd.jpl.nasa.gov/tools/sbdb_lookup.html#/?sstr=54278142
54339170,(2023 AE2),0.04,False,2024-01-03,11.29,62234185.29,https://ssd.jpl.nasa.gov/tools/sbdb_lookup.html#/?sstr=54339170
54382904,(2023 RM9),0.13,False,2024-01-03,12.97,63970228.43,https://ssd.jpl.nasa.gov/tools/sbdb_lookup.html#/?sstr=54382904
54407115,(2023 WQ1),0.2,False,2024-01-03,5.92,33143995.88,https://ssd.jpl.nasa.gov/tools/sbdb_lookup.html#/?sstr=54407115
54415862,(2023 XN7),0.18,False,2024-01-03,13.96,36285724.09,https://ssd.jpl.nasa.gov/tools/sbdb_lookup.html#/?sstr=54415862
54419016,(2024 AS),0.04,False,2024-01-03,7.39,9293487.46,https://ssd.jpl.nasa.gov/tools/sbdb_lookup.html#/?sstr=54419016
54419705,(2024 AA3),0.03,False,2024-01-03,10.74,5207160.13,https://ssd.jpl.nasa.gov/tools/sbdb_lookup.html#/?sstr=54419705
54419812,(2024 AH3),0.03,False,2024-01-03,9.88,2692217.68,https://ssd.jpl.nasa.gov/tools/sbdb_lookup.html#/?sstr=54419812
54419817,(2024 AM3),0.02,False,2024-01-03,9.64,2680032.14,https://ssd.jpl.nasa.gov/tools/sbdb_lookup.html#/?sstr=54419817
54425076,(2024 BB8),0.23,False,2024-01-03,12.13,69506951.4,https://ssd.jpl.nasa.gov/tools/sbdb_lookup.html#/?sstr=54425076
2668499,668499 (2012 AB11),0.15,False,2024-01-03,18.36,42945020.57,https://ssd.jpl.nasa.gov/tools/sbdb_lookup.html#/?sstr=2668499
2676480,676480 (2016 GZ215),0.26,False,2024-01-03,3.73,47416427.48,https://ssd.jpl.nasa.gov/tools/sbdb_lookup.html#/?sstr=2676480
2304640,304640 (2006 WW1),0.63,False,2024-01-06,23.03,45511419.36,https://ssd.jpl.nasa.gov/tools/sbdb_lookup.html#/?sstr=2304640
3102756,(2002 AO11),0.11,False,2024-01-06,18.43,60009526.33,https://ssd.jpl.nasa.gov/tools/sbdb_lookup.html#/?sstr=3102756
3623521,(2013 AK20),0.1,False,2024-01-06,9.29,39773989.22,https://ssd.jpl.nasa.gov/tools/sbdb_lookup.html#/?sstr=3623521
3630638,(2013 EU9),0.2,False,2024-01-06,6.46,68747709.97,https://ssd.jpl.nasa.gov/tools/sbdb_lookup.html#/?sstr=3630638
3752775,(2016 JX5),0.02,False,2024-01-06,13.17,32857831.15,https://ssd.jpl.nasa.gov/tools/sbdb_lookup.html#/?sstr=3752775
3780672,(2017 PM26),0.24,False,2024-01-06,18.61,32274818.88,https://ssd.jpl.nasa.gov/tools/sbdb_lookup.html#/?sstr=3780672
3794988,(2017 YZ1),0.35,True,2024-01-06,12.23,72151871.79,https://ssd.jpl.nasa.gov/tools/sbdb_lookup.html#/?sstr=3794988
54131589,(2021 EU4),0.05,False,2024-01-06,13.56,43483069.13,https://ssd.jpl.nasa.gov/tools/sbdb_lookup.html#/?sstr=54131589
54162245,(2021 MQ1),0.11,False,2024-01-06,21.46,20330046.37,https://ssd.jpl.nasa.gov/tools/sbdb_lookup.html#/?sstr=54162245
2585310,585310 (2017 YZ1),0.35,True,2024-01-06,12.23,72151868.16,https://ssd.jpl.nasa.gov/tools/sbdb_lookup.html#/?sstr=2585310
2591179,591179 (2013 EU9),0.2,False,2024-01-06,6.46,68747717.67,https://ssd.jpl.nasa.gov/tools/sbdb_lookup.html#/?sstr=2591179
54212682,(2021 UO1),0.01,False,2024-01-06,13.5,62463681.3,https://ssd.jpl.nasa.gov/tools/sbdb_lookup.html#/?sstr=54212682
54373932,(2023 MB3),0.0,False,2024-01-06,13.02,54712164.16,https://ssd.jpl.nasa.gov/tools/sbdb_lookup.html#/?sstr=54373932
54397463,(2023 UE4),0.19,False,2024-01-06,8.47,30230871.82,https://ssd.jpl.nasa.gov/tools/sbdb_lookup.html#/?sstr=54397463
54418498,(2024 AC),0.03,False,2024-01-06,6.79,2313661.85,https://ssd.jpl.nasa.gov/tools/sbdb_lookup.html#/?sstr=54418498
54418648,(2023 YX1),0.05,False,2024-01-06,14.31,3877187.63,https://ssd.jpl.nasa.gov/tools/sbdb_lookup.html#/?sstr=54418648
54419186,(2024 AH1),0.03,False,2024-01-06,9.65,3441304.75,https://ssd.jpl.nasa.gov/tools/sbdb_lookup.html#/?sstr=54419186
54420155,(2024 AV3),0.03,False,2024-01-06,13.82,4674438.12,https://ssd.jpl.nasa.gov/tools/sbdb_lookup.html#/?sstr=54420155
54421084,(2024 BR),0.2,False,2024-01-06,19.14,30486662.87,https://ssd.jpl.nasa.gov/tools/sbdb_lookup.html#/?sstr=54421084
2138971,138971 (2001 CB21),0.85,True,2024-01-05,9.31,60967071.28,https://ssd.jpl.nasa.gov/tools/sbdb_lookup.html#/?sstr=2138971
3387092,(2007 SG11),0.13,False,2024-01-05,5.87,41770289.11,https://ssd.jpl.nasa.gov/tools/sbdb_lookup.html#/?sstr=3387092
3655366,(2013 YD),0.08,False,2024-01-05,26.5,61854464.77,https://ssd.jpl.nasa.gov/tools/sbdb_lookup.html#/?sstr=3655366
3759280,(2016 RW19),0.28,False,2024-01-05,15.45,49525995.35,https://ssd.jpl.nasa.gov/tools/sbdb_lookup.html#/?sstr=3759280
3795150,(2017 YA8),0.15,False,2024-01-05,20.64,70732063.05,https://ssd.jpl.nasa.gov/tools/sbdb_lookup.html#/?sstr=3795150
3989198,(2020 BT8),0.13,False,2024-01-05,9.11,60145232.98,https://ssd.jpl.nasa.gov/tools/sbdb_lookup.html#/?sstr=3989198
54016989,(2020 JB1),0.02,False,2024-01-05,8.29,29196034.18,https://ssd.jpl.nasa.gov/tools/sbdb_lookup.html#/?sstr=54016989
54191244,(2021 QC3),0.06,False,2024-01-05,18.17,71698045.11,https://ssd.jpl.nasa.gov/tools/sbdb_lookup.html#/?sstr=54191244
54360724,(2023 KF5),0.02,False,2024-01-05,14.25,55087443.4,https://ssd.jpl.nasa.gov/tools/sbdb_lookup.html#/?sstr=54360724
54376461,(2023 OG5),0.06,False,2024-01-05,15.37,72038821.3,https://ssd.jpl.nasa.gov/tools/sbdb_lookup.html#/?sstr=54376461
54406858,(2023 WX),0.22,False,2024-01-05,16.52,50637421.79,https://ssd.jpl.nasa.gov/tools/sbdb_lookup.html#/?sstr=54406858
54417658,(2023 YX),0.09,False,2024-01-05,6.82,26354773.34,https://ssd.jpl.nasa.gov/tools/sbdb_lookup.html#/?sstr=54417658
54435948,(2024 HY),0.08,False,2024-01-05,7.18,50459846.7,https://ssd.jpl.nasa.gov/tools/sbdb_lookup.html#/?sstr=54435948
2138893,138893 (2000 YH66),1.0,False,2024-01-07,33.0,41803686.25,https://ssd.jpl.nasa.gov/tools/sbdb_lookup.html#/?sstr=2138893
2199003,199003 (2005 WJ56),1.0,True,2024-01-07,15.29,29849942.91,https://ssd.jpl.nasa.gov/tools/sbdb_lookup.html#/?sstr=2199003
2434188,434188 (2003 AD23),0.65,True,2024-01-07,33.84,30564937.57,https://ssd.jpl.nasa.gov/tools/sbdb_lookup.html#/?sstr=2434188
3398095,(2007 YZ),0.51,False,2024-01-07,17.59,28687864.34,https://ssd.jpl.nasa.gov/tools/sbdb_lookup.html#/?sstr=3398095
3520662,(2010 JR34),0.01,False,2024-01-07,10.6,30452936.93,https://ssd.jpl.nasa.gov/tools/sbdb_lookup.html#/?sstr=3520662
3596030,(2012 BV13),0.15,False,2024-01-07,18.8,71306311.99,https://ssd.jpl.nasa.gov/tools/sbdb_lookup.html#/?sstr=3596030
3843476,(2019 PJ),0.08,False,2024-01-07,14.4,3719706.13,https://ssd.jpl.nasa.gov/tools/sbdb_lookup.html#/?sstr=3843476
54100190,(2020 XA5),0.06,False,2024-01-07,8.25,21355494.62,https://ssd.jpl.nasa.gov/tools/sbdb_lookup.html#/?sstr=54100190
54151575,(2021 LA),0.07,False,2024-01-07,24.91,71686144.83,https://ssd.jpl.nasa.gov/tools/sbdb_lookup.html#/?sstr=54151575
54212701,(2021 UH2),0.04,False,2024-01-07,4.97,24614026.02,https://ssd.jpl.nasa.gov/tools/sbdb_lookup.html#/?sstr=54212701
54215652,(2021 TJ57),0.22,False,2024-01-07,9.96,54554472.64,https://ssd.jpl.nasa.gov/tools/sbdb_lookup.html#/?sstr=54215652
54418496,(2023 YV1),0.08,False,2024-01-07,8.12,8449915.63,https://ssd.jpl.nasa.gov/tools/sbdb_lookup.html#/?sstr=54418496
54418797,(2024 AM),0.01,False,2024-01-07,9.02,1209360.07,https://ssd.jpl.nasa.gov/tools/sbdb_lookup.html#/?sstr=54418797
54419021,(2024 AW),0.03,False,2024-01-07,8.5,4280156.36,https://ssd.jpl.nasa.gov/tools/sbdb_lookup.html#/?sstr=54419021
54419611,(2024 AL2),0.01,False,2024-01-07,6.65,1496555.7,https://ssd.jpl.nasa.gov/tools/sbdb_lookup.html#/?sstr=54419611
3147312,(2003 BN1),0.33,False,2024-01-13,32.09,23819476.11,https://ssd.jpl.nasa.gov/tools/sbdb_lookup.html#/?sstr=3147312
3728898,(2015 TF),0.16,False,2024-01-13,16.7,64038916.31,https://ssd.jpl.nasa.gov/tools/sbdb_lookup.html#/?sstr=3728898
3781591,(2017 SM2),0.01,False,2024-01-13,7.66,13571308.28,https://ssd.jpl.nasa.gov/tools/sbdb_lookup.html#/?sstr=3781591
3790060,(2017 WP28),0.28,False,2024-01-13,43.97,74052823.15,https://ssd.jpl.nasa.gov/tools/sbdb_lookup.html#/?sstr=3790060
3825489,(2018 MG7),0.23,True,2024-01-13,17.97,42767600.76,https://ssd.jpl.nasa.gov/tools/sbdb_lookup.html#/?sstr=3825489
3826624,(2018 PW7),0.06,False,2024-01-13,17.71,37766467.7,https://ssd.jpl.nasa.gov/tools/sbdb_lookup.html#/?sstr=3826624
3986679,(2020 AK3),0.03,False,2024-01-13,17.57,59593026.74,https://ssd.jpl.nasa.gov/tools/sbdb_lookup.html#/?sstr=3986679
3986764,(2020 BM1),0.03,False,2024-01-13,17.22,35392214.02,https://ssd.jpl.nasa.gov/tools/sbdb_lookup.html#/?sstr=3986764
54101343,(2020 YG1),0.02,False,2024-01-13,17.09,62113380.18,https://ssd.jpl.nasa.gov/tools/sbdb_lookup.html#/?sstr=54101343
54194973,(2021 RL7),0.01,False,2024-01-13,7.63,12143688.66,https://ssd.jpl.nasa.gov/tools/sbdb_lookup.html#/?sstr=54194973
54216277,(2021 VB2),0.01,False,2024-01-13,7.45,11668026.66,https://ssd.jpl.nasa.gov/tools/sbdb_lookup.html#/?sstr=54216277
54378334,(2023 QS4),0.02,False,2024-01-13,4.68,18979408.3,https://ssd.jpl.nasa.gov/tools/sbdb_lookup.html#/?sstr=54378334
54419486,(2024 AR1),0.03,False,2024-01-13,4.53,3835831.77,https://ssd.jpl.nasa.gov/tools/sbdb_lookup.html#/?sstr=54419486
54419701,(2024 AW2),0.02,False,2024-01-13,6.74,4189545.81,https://ssd.jpl.nasa.gov/tools/sbdb_lookup.html#/?sstr=54419701
54420151,(2024 AP3),0.06,False,2024-01-13,15.07,12618115.53,https://ssd.jpl.nasa.gov/tools/sbdb_lookup.html#/?sstr=54420151
54420441,(2024 AD4),0.05,False,2024-01-13,13.12,8339548.76,https://ssd.jpl.nasa.gov/tools/sbdb_lookup.html#/?sstr=54420441
54421380,(2024 BV),0.01,False,2024-01-13,18.51,2160514.73,https://ssd.jpl.nasa.gov/tools/sbdb_lookup.html#/?sstr=54421380
54421910,(2024 BY1),0.03,False,2024-01-13,13.36,3047049.15,https://ssd.jpl.nasa.gov/tools/sbdb_lookup.html#/?sstr=54421910
3266506,(2005 BH14),0.22,False,2024-01-12,17.45,48698372.0,https://ssd.jpl.nasa.gov/tools/sbdb_lookup.html#/?sstr=3266506
3787093,(2017 UN1),0.05,False,2024-01-12,13.04,10739110.53,https://ssd.jpl.nasa.gov/tools/sbdb_lookup.html#/?sstr=3787093
3797456,(2018 AN2),0.05,False,2024-01-12,11.42,21355510.12,https://ssd.jpl.nasa.gov/tools/sbdb_lookup.html#/?sstr=3797456
54240512,(2022 BS4),0.04,False,2024-01-12,20.76,59741004.23,https://ssd.jpl.nasa.gov/tools/sbdb_lookup.html#/?sstr=54240512
54419014,(2024 AP),0.16,False,2024-01-12,20.27,13269037.02,https://ssd.jpl.nasa.gov/tools/sbdb_lookup.html#/?sstr=54419014
54419484,(2024 AP1),0.04,False,2024-01-12,5.37,16901608.07,https://ssd.jpl.nasa.gov/tools/sbdb_lookup.html#/?sstr=54419484
54419695,(2024 AR2),0.02,False,2024-01-12,19.19,1267189.54,https://ssd.jpl.nasa.gov/tools/sbdb_lookup.html#/?sstr=54419695
54420156,(2024 AW3),0.19,False,2024-01-12,20.87,19419727.26,https://ssd.jpl.nasa.gov/tools/sbdb_lookup.html#/?sstr=54420156
54421916,(2024 BF2),0.03,False,2024-01-12,7.54,11219167.97,https://ssd.jpl.nasa.gov/tools/sbdb_lookup.html#/?sstr=54421916
2430804,430804 (2005 AD13),1.14,True,2024-01-14,29.01,20388991.12,https://ssd.jpl.nasa.gov/tools/sbdb_lookup.html#/?sstr=2430804
2456946,456946 (2008 AF32),0.24,False,2024-01-14,15.48,38618401.82,https://ssd.jpl.nasa.gov/tools/sbdb_lookup.html#/?sstr=2456946
3591722,(2011 YJ28),0.23,True,2024-01-14,14.24,20141228.79,https://ssd.jpl.nasa.gov/tools/sbdb_lookup.html#/?sstr=3591722
3655395,(2013 YM2),0.03,False,2024-01-14,9.86,28231576.5,https://ssd.jpl.nasa.gov/tools/sbdb_lookup.html#/?sstr=3655395
3741440,(2016 CL18),0.07,False,2024-01-14,14.67,13597914.46,https://ssd.jpl.nasa.gov/tools/sbdb_lookup.html#/?sstr=3741440
3831897,(2018 UM1),0.08,False,2024-01-14,6.69,51695393.47,https://ssd.jpl.nasa.gov/tools/sbdb_lookup.html#/?sstr=3831897
3836709,(2018 XC),0.03,False,2024-01-14,12.71,47704272.87,https://ssd.jpl.nasa.gov/tools/sbdb_lookup.html#/?sstr=3836709
3840783,(2019 GE1),0.02,False,2024-01-14,5.87,33397350.74,https://ssd.jpl.nasa.gov/tools/sbdb_lookup.html#/?sstr=3840783
3869336,(2019 SF6),0.02,False,2024-01-14,6.5,55358538.86,https://ssd.jpl.nasa.gov/tools/sbdb_lookup.html#/?sstr=3869336
54145781,(2021 KB),0.03,False,2024-01-14,18.17,27918436.82,https://ssd.jpl.nasa.gov/tools/sbdb_lookup.html#/?sstr=54145781
54312818,(2022 SL49),0.12,False,2024-01-14,12.27,58705504.78,https://ssd.jpl.nasa.gov/tools/sbdb_lookup.html#/?sstr=54312818
54354331,(2023 GM1),0.02,False,2024-01-14,6.51,42861185.79,https://ssd.jpl.nasa.gov/tools/sbdb_lookup.html#/?sstr=54354331
54407117,(2023 WT1),0.14,False,2024-01-14,10.0,19684446.34,https://ssd.jpl.nasa.gov/tools/sbdb_lookup.html#/?sstr=54407117
54419125,(2024 AY),0.06,False,2024-01-14,3.05,25913941.33,https://ssd.jpl.nasa.gov/tools/sbdb_lookup.html#/?sstr=54419125
54419810,(2024 AF3),0.02,False,2024-01-14,6.74,3363542.41,https://ssd.jpl.nasa.gov/tools/sbdb_lookup.html#/?sstr=54419810
54419811,(2024 AG3),0.01,False,2024-01-14,9.79,1698374.12,https://ssd.jpl.nasa.gov/tools/sbdb_lookup.html#/?sstr=54419811
54420280,(2024 AZ3),0.01,False,2024-01-14,10.02,248883.48,https://ssd.jpl.nasa.gov/tools/sbdb_lookup.html#/?sstr=54420280
54420784,(2024 AQ4),0.03,False,2024-01-14,9.79,1245350.81,https://ssd.jpl.nasa.gov/tools/sbdb_lookup.html#/?sstr=54420784
54421067,(2024 BE),0.07,False,2024-01-14,11.37,10624155.65,https://ssd.jpl.nasa.gov/tools/sbdb_lookup.html#/?sstr=54421067
54421076,(2024 BK),0.05,False,2024-01-14,15.46,3310172.58,https://ssd.jpl.nasa.gov/tools/sbdb_lookup.html#/?sstr=54421076
54421642,(2024 BO1),0.04,False,2024-01-14,15.63,21310976.16,https://ssd.jpl.nasa.gov/tools/sbdb_lookup.html#/?sstr=54421642
54421649,(2024 BV1),0.02,False,2024-01-14,11.55,3174463.33,https://ssd.jpl.nasa.gov/tools/sbdb_lookup.html#/?sstr=54421649
54422165,(2024 BV2),0.01,False,2024-01-14,5.31,3877364.06,https://ssd.jpl.nasa.gov/tools/sbdb_lookup.html#/?sstr=54422165
54425754,(2024 CT1),0.15,False,2024-01-14,12.1,26565413.48,https://ssd.jpl.nasa.gov/tools/sbdb_lookup.html#/?sstr=54425754
2168318,168318 (1989 DA),0.71,True,2024-01-08,8.89,17607387.1,https://ssd.jpl.nasa.gov/tools/sbdb_lookup.html#/?sstr=2168318
3102728,(2002 AY1),0.29,True,2024-01-08,17.34,5803011.72,https://ssd.jpl.nasa.gov/tools/sbdb_lookup.html#/?sstr=3102728
3553148,(2010 XB11),0.49,False,2024-01-08,23.05,38275992.75,https://ssd.jpl.nasa.gov/tools/sbdb_lookup.html#/?sstr=3553148
3599868,(2012 DN31),0.07,False,2024-01-08,20.27,65568666.24,https://ssd.jpl.nasa.gov/tools/sbdb_lookup.html#/?sstr=3599868
3781448,(2017 RJ15),0.18,False,2024-01-08,11.86,43416265.08,https://ssd.jpl.nasa.gov/tools/sbdb_lookup.html#/?sstr=3781448
3798020,(2018 BW5),0.17,False,2024-01-08,0.53,55417734.74,https://ssd.jpl.nasa.gov/tools/sbdb_lookup.html#/?sstr=3798020
3825490,(2018 MH7),0.03,False,2024-01-08,8.3,37444684.28,https://ssd.jpl.nasa.gov/tools/sbdb_lookup.html#/?sstr=3825490
3836410,(2018 WA2),0.13,False,2024-01-08,9.55,12430132.62,https://ssd.jpl.nasa.gov/tools/sbdb_lookup.html#/?sstr=3836410
3873324,(2019 TY),0.12,False,2024-01-08,17.79,43448783.65,https://ssd.jpl.nasa.gov/tools/sbdb_lookup.html#/?sstr=3873324
54232321,(2022 AB),0.08,False,2024-01-08,20.07,73783136.67,https://ssd.jpl.nasa.gov/tools/sbdb_lookup.html#/?sstr=54232321
54239839,(2022 BG1),0.03,False,2024-01-08,13.71,56116108.47,https://ssd.jpl.nasa.gov/tools/sbdb_lookup.html#/?sstr=54239839
54293876,(2020 AQ24),0.04,False,2024-01-08,18.79,38631012.61,https://ssd.jpl.nasa.gov/tools/sbdb_lookup.html#/?sstr=54293876
54336963,(2022 YD6),0.06,False,2024-01-08,15.91,33735239.56,https://ssd.jpl.nasa.gov/tools/sbdb_lookup.html#/?sstr=54336963
54399994,(2023 UO9),0.15,False,2024-01-08,4.78,10059756.98,https://ssd.jpl.nasa.gov/tools/sbdb_lookup.html#/?sstr=54399994
54407114,(2023 WS1),0.18,False,2024-01-08,4.03,31370938.82,https://ssd.jpl.nasa.gov/tools/sbdb_lookup.html#/?sstr=54407114
54419604,(2024 AD2),0.02,False,2024-01-08,7.27,4831184.61,https://ssd.jpl.nasa.gov/tools/sbdb_lookup.html#/?sstr=54419604
54419807,(2024 AC3),0.04,False,2024-01-08,21.5,1562543.07,https://ssd.jpl.nasa.gov/tools/sbdb_lookup.html#/?sstr=54419807
54420157,(2024 AX3),0.01,False,2024-01-08,5.51,1844629.18,https://ssd.jpl.nasa.gov/tools/sbdb_lookup.html#/?sstr=54420157
54421395,(2024 BM1),0.03,False,2024-01-08,7.31,5458303.01,https://ssd.jpl.nasa.gov/tools/sbdb_lookup.html#/?sstr=54421395
54448604,(2024 MM),0.05,False,2024-01-08,7.74,29738899.52,https://ssd.jpl.nasa.gov/tools/sbdb_lookup.html#/?sstr=54448604
3605793,(2012 MP),0.26,False,2024-01-09,9.21,71411544.79,https://ssd.jpl.nasa.gov/tools/sbdb_lookup.html#/?sstr=3605793
3633148,(2013 FC11),0.36,False,2024-01-09,13.81,73404426.26,https://ssd.jpl.nasa.gov/tools/sbdb_lookup.html#/?sstr=3633148
3781028,(2017 QP17),0.52,False,2024-01-09,20.4,58688124.05,https://ssd.jpl.nasa.gov/tools/sbdb_lookup.html#/?sstr=3781028
54336914,(2022 YS5),0.05,False,2024-01-09,5.9,8646331.12,https://ssd.jpl.nasa.gov/tools/sbdb_lookup.html#/?sstr=54336914
54416849,(2023 XN13),0.01,False,2024-01-09,1.44,6032641.28,https://ssd.jpl.nasa.gov/tools/sbdb_lookup.html#/?sstr=54416849
54419487,(2024 AS1),0.01,False,2024-01-09,16.79,579850.47,https://ssd.jpl.nasa.gov/tools/sbdb_lookup.html#/?sstr=54419487
54419814,(2024 AK3),0.07,False,2024-01-09,10.8,21319889.65,https://ssd.jpl.nasa.gov/tools/sbdb_lookup.html#/?sstr=54419814
54421379,(2024 BU),0.01,False,2024-01-09,7.03,2739335.82,https://ssd.jpl.nasa.gov/tools/sbdb_lookup.html#/?sstr=54421379
54423142,(2024 BE4),0.02,False,2024-01-09,7.61,7101308.47,https://ssd.jpl.nasa.gov/tools/sbdb_lookup.html#/?sstr=54423142
2678263,678263 (2017 QP17),0.52,False,2024-01-09,20.4,58688123.08,https://ssd.jpl.nasa.gov/tools/sbdb_lookup.html#/?sstr=2678263
3092124,(1994 GL),0.03,False,2024-01-11,7.91,68392432.77,https://ssd.jpl.nasa.gov/tools/sbdb_lookup.html#/?sstr=3092124
3363430,(2006 XY2),0.14,False,2024-01-11,9.25,50573342.88,https://ssd.jpl.nasa.gov/tools/sbdb_lookup.html#/?sstr=3363430
3485632,(2010 AG40),0.17,False,2024-01-11,26.55,46379981.29,https://ssd.jpl.nasa.gov/tools/sbdb_lookup.html#/?sstr=3485632
3596491,(2012 BU61),0.22,True,2024-01-11,29.59,31235090.52,https://ssd.jpl.nasa.gov/tools/sbdb_lookup.html#/?sstr=3596491
3608667,(2012 RT16),0.02,False,2024-01-11,14.95,34186335.35,https://ssd.jpl.nasa.gov/tools/sbdb_lookup.html#/?sstr=3608667
3626732,(2013 CJ89),0.57,False,2024-01-11,32.0,68164449.37,https://ssd.jpl.nasa.gov/tools/sbdb_lookup.html#/?sstr=3626732
3722209,(2015 MO66),0.41,False,2024-01-11,21.59,48943737.82,https://ssd.jpl.nasa.gov/tools/sbdb_lookup.html#/?sstr=3722209
3725756,(2015 OX78),0.46,False,2024-01-11,20.83,47519518.3,https://ssd.jpl.nasa.gov/tools/sbdb_lookup.html#/?sstr=3725756
3763284,(2016 VO1),0.1,False,2024-01-11,10.39,53415312.73,https://ssd.jpl.nasa.gov/tools/sbdb_lookup.html#/?sstr=3763284
3764806,(2016 WU7),0.04,False,2024-01-11,11.96,53590787.88,https://ssd.jpl.nasa.gov/tools/sbdb_lookup.html#/?sstr=3764806
3795086,(2017 YQ5),0.05,False,2024-01-11,11.82,28573611.45,https://ssd.jpl.nasa.gov/tools/sbdb_lookup.html#/?sstr=3795086
3799802,(2018 EC1),0.02,False,2024-01-11,7.5,63871706.36,https://ssd.jpl.nasa.gov/tools/sbdb_lookup.html#/?sstr=3799802
3836297,(2018 WJ1),0.48,False,2024-01-11,1.61,66234085.7,https://ssd.jpl.nasa.gov/tools/sbdb_lookup.html#/?sstr=3836297
3884015,(2019 UY8),0.05,False,2024-01-11,9.67,55723748.65,https://ssd.jpl.nasa.gov/tools/sbdb_lookup.html#/?sstr=3884015
3973542,(2020 AC1),0.01,False,2024-01-11,5.32,7388566.77,https://ssd.jpl.nasa.gov/tools/sbdb_lookup.html#/?sstr=3973542
54051109,(2020 PF5),0.1,False,2024-01-11,10.04,24189379.48,https://ssd.jpl.nasa.gov/tools/sbdb_lookup.html#/?sstr=54051109
54051175,(2020 QY),0.04,False,2024-01-11,23.22,74196711.62,https://ssd.jpl.nasa.gov/tools/sbdb_lookup.html#/?sstr=54051175
2604197,604197 (2015 MO66),0.41,False,2024-01-11,21.59,48943736.19,https://ssd.jpl.nasa.gov/tools/sbdb_lookup.html#/?sstr=2604197
54412457,(2023 WZ3),0.05,False,2024-01-11,3.99,6193680.19,https://ssd.jpl.nasa.gov/tools/sbdb_lookup.html#/?sstr=54412457
54413293,(2023 XV1),0.23,True,2024-01-11,14.73,41651143.77,https://ssd.jpl.nasa.gov/tools/sbdb_lookup.html#/?sstr=54413293
54419605,(2024 AE2),0.13,False,2024-01-11,16.45,14217867.03,https://ssd.jpl.nasa.gov/tools/sbdb_lookup.html#/?sstr=54419605
54419607,(2024 AG2),0.07,False,2024-01-11,10.34,9535581.72,https://ssd.jpl.nasa.gov/tools/sbdb_lookup.html#/?sstr=54419607
54420281,(2024 AB4),0.03,False,2024-01-11,2.96,5710132.88,https://ssd.jpl.nasa.gov/tools/sbdb_lookup.html#/?sstr=54420281
54420442,(2024 AE4),0.01,False,2024-01-11,8.23,1217143.26,https://ssd.jpl.nasa.gov/tools/sbdb_lookup.html#/?sstr=54420442
54420444,(2024 AG4),0.01,False,2024-01-11,11.97,340449.67,https://ssd.jpl.nasa.gov/tools/sbdb_lookup.html#/?sstr=54420444
54420624,(2024 AM4),0.01,False,2024-01-11,3.2,119476.22,https://ssd.jpl.nasa.gov/tools/sbdb_lookup.html#/?sstr=54420624
54421394,(2024 BL1),0.09,False,2024-01-11,15.07,23947461.53,https://ssd.jpl.nasa.gov/tools/sbdb_lookup.html#/?sstr=54421394
54421645,(2024 BR1),0.02,False,2024-01-11,14.76,4276005.85,https://ssd.jpl.nasa.gov/tools/sbdb_lookup.html#/?sstr=54421645
54427460,(2024 BZ15),0.02,False,2024-01-11,10.43,1773086.33,https://ssd.jpl.nasa.gov/tools/sbdb_lookup.html#/?sstr=54427460
2004034,4034 Vishnu (1986 PA),0.85,True,2024-01-10,16.45,60404347.48,https://ssd.jpl.nasa.gov/tools/sbdb_lookup.html#/?sstr=2004034
2354182,354182 (2002 DU3),0.3,True,2024-01-10,7.15,60183229.46,https://ssd.jpl.nasa.gov/tools/sbdb_lookup.html#/?sstr=2354182
2438661,438661 (2008 EP6),0.61,True,2024-01-10,10.71,23088209.21,https://ssd.jpl.nasa.gov/tools/sbdb_lookup.html#/?sstr=2438661
3409964,(2008 JG),0.29,True,2024-01-10,7.79,13409422.8,https://ssd.jpl.nasa.gov/tools/sbdb_lookup.html#/?sstr=3409964
3448069,(2009 DT10),0.12,False,2024-01-10,11.9,25388607.54,https://ssd.jpl.nasa.gov/tools/sbdb_lookup.html#/?sstr=3448069
3659804,(2014 BA33),0.18,False,2024-01-10,19.71,74479707.24,https://ssd.jpl.nasa.gov/tools/sbdb_lookup.html#/?sstr=3659804
3739155,(2016 AE2),0.02,False,2024-01-10,14.47,33643285.78,https://ssd.jpl.nasa.gov/tools/sbdb_lookup.html#/?sstr=3739155
3740044,(2016 AJ165),0.04,False,2024-01-10,25.25,59178001.98,https://ssd.jpl.nasa.gov/tools/sbdb_lookup.html#/?sstr=3740044
3743125,(2016 CB138),0.08,False,2024-01-10,15.35,48328254.29,https://ssd.jpl.nasa.gov/tools/sbdb_lookup.html#/?sstr=3743125
3797688,(2018 AE12),0.15,False,2024-01-10,31.97,32226765.25,https://ssd.jpl.nasa.gov/tools/sbdb_lookup.html#/?sstr=3797688
3797905,(2018 BM5),0.01,False,2024-01-10,7.95,11259952.5,https://ssd.jpl.nasa.gov/tools/sbdb_lookup.html#/?sstr=3797905
3843174,(2019 NO3),0.54,False,2024-01-10,28.0,25617121.22,https://ssd.jpl.nasa.gov/tools/sbdb_lookup.html#/?sstr=3843174
54106537,(2021 BV1),0.01,False,2024-01-10,27.01,29761104.9,https://ssd.jpl.nasa.gov/tools/sbdb_lookup.html#/?sstr=54106537
54226110,(2021 XM),0.02,False,2024-01-10,12.27,26152848.11,https://ssd.jpl.nasa.gov/tools/sbdb_lookup.html#/?sstr=54226110
54244190,(2022 BA7),0.0,False,2024-01-10,7.72,9330198.69,https://ssd.jpl.nasa.gov/tools/sbdb_lookup.html#/?sstr=54244190
54245585,(2022 CV2),0.11,False,2024-01-10,8.79,17987088.96,https://ssd.jpl.nasa.gov/tools/sbdb_lookup.html#/?sstr=54245585
54247545,(2016 FH60),0.1,False,2024-01-10,8.79,17988048.65,https://ssd.jpl.nasa.gov/tools/sbdb_lookup.html#/?sstr=54247545
2613986,613986 (2008 JG),0.3,True,2024-01-10,7.79,13409432.87,https://ssd.jpl.nasa.gov/tools/sbdb_lookup.html#/?sstr=2613986
54416856,(2023 XY13),0.55,False,2024-01-10,40.73,54304107.55,https://ssd.jpl.nasa.gov/tools/sbdb_lookup.html#/?sstr=54416856
54416962,(2023 XT14),0.03,False,2024-01-10,6.37,4656579.26,https://ssd.jpl.nasa.gov/tools/sbdb_lookup.html#/?sstr=54416962
54417533,(2023 XM16),0.11,False,2024-01-10,16.91,10528582.69,https://ssd.jpl.nasa.gov/tools/sbdb_lookup.html#/?sstr=54417533
54418267,(2023 YO1),0.03,False,2024-01-10,3.07,2606923.87,https://ssd.jpl.nasa.gov/tools/sbdb_lookup.html#/?sstr=54418267
54419482,(2024 AN1),0.02,False,2024-01-10,7.94,1549637.57,https://ssd.jpl.nasa.gov/tools/sbdb_lookup.html#/?sstr=54419482
54419489,(2024 AU1),0.06,False,2024-01-10,18.15,7020037.73,https://ssd.jpl.nasa.gov/tools/sbdb_lookup.html#/?sstr=54419489
54419703,(2024 AY2),0.02,False,2024-01-10,8.39,3199834.88,https://ssd.jpl.nasa.gov/tools/sbdb_lookup.html#/?sstr=54419703
54420283,(2024 AC4),0.02,False,2024-01-10,8.99,2430806.36,https://ssd.jpl.nasa.gov/tools/sbdb_lookup.html#/?sstr=54420283
54420443,(2024 AF4),0.03,False,2024-01-10,6.32,7105603.71,https://ssd.jpl.nasa.gov/tools/sbdb_lookup.html#/?sstr=54420443
54420625,(2024 AO4),0.08,False,2024-01-10,9.27,11700452.15,https://ssd.jpl.nasa.gov/tools/sbdb_lookup.html#/?sstr=54420625
54420792,(2024 BA),0.03,False,2024-01-10,12.5,1454678.18,https://ssd.jpl.nasa.gov/tools/sbdb_lookup.html#/?sstr=54420792
54421083,(2024 BQ),0.05,False,2024-01-10,12.72,2244879.06,https://ssd.jpl.nasa.gov/tools/sbdb_lookup.html#/?sstr=54421083
54421392,(2024 BJ1),0.08,False,2024-01-10,18.91,37033526.58,https://ssd.jpl.nasa.gov/tools/sbdb_lookup.html#/?sstr=54421392
54423685,(2024 CF),0.27,False,2024-01-10,5.02,58687144.75,https://ssd.jpl.nasa.gov/tools/sbdb_lookup.html#/?sstr=54423685
54423830,(2024 BT6),0.25,False,2024-01-10,27.05,65356408.98,https://ssd.jpl.nasa.gov/tools/sbdb_lookup.html#/?sstr=54423830
54435203,(2024 HM),0.07,False,2024-01-10,5.46,39156054.84,https://ssd.jpl.nasa.gov/tools/sbdb_lookup.html#/?sstr=54435203
54435209,(2023 MJ20),0.0,False,2024-01-10,7.73,46953019.64,https://ssd.jpl.nasa.gov/tools/sbdb_lookup.html#/?sstr=54435209
54445203,(2024 KE1),0.06,False,2024-01-10,6.77,57369673.46,https://ssd.jpl.nasa.gov/tools/sbdb_lookup.html#/?sstr=54445203
2380476,380476 (2003 YO1),0.58,False,2024-01-15,9.41,50543385.05,https://ssd.jpl.nasa.gov/tools/sbdb_lookup.html#/?sstr=2380476
3312035,(2006 AM8),0.52,False,2024-01-15,39.59,64141071.46,https://ssd.jpl.nasa.gov/tools/sbdb_lookup.html#/?sstr=3312035
3632236,(2013 EH89),0.4,False,2024-01-15,9.49,15343813.24,https://ssd.jpl.nasa.gov/tools/sbdb_lookup.html#/?sstr=3632236
3703319,(2015 AK1),0.06,False,2024-01-15,13.22,6069534.51,https://ssd.jpl.nasa.gov/tools/sbdb_lookup.html#/?sstr=3703319
3757000,(2016 PQ8),0.16,False,2024-01-15,7.7,56229944.69,https://ssd.jpl.nasa.gov/tools/sbdb_lookup.html#/?sstr=3757000
3905993,(2019 XK1),0.03,False,2024-01-15,16.47,68558756.12,https://ssd.jpl.nasa.gov/tools/sbdb_lookup.html#/?sstr=3905993
54137806,(2021 GL16),0.02,False,2024-01-15,5.66,28234939.85,https://ssd.jpl.nasa.gov/tools/sbdb_lookup.html#/?sstr=54137806
54292689,(2022 OJ5),0.01,False,2024-01-15,5.93,22652204.69,https://ssd.jpl.nasa.gov/tools/sbdb_lookup.html#/?sstr=54292689
54377191,(2023 QP),0.09,False,2024-01-15,12.1,62756295.16,https://ssd.jpl.nasa.gov/tools/sbdb_lookup.html#/?sstr=54377191
54382061,(2023 RE4),0.02,False,2024-01-15,5.26,52066045.61,https://ssd.jpl.nasa.gov/tools/sbdb_lookup.html#/?sstr=54382061
54416964,(2023 XW14),0.22,True,2024-01-15,25.83,14754761.35,https://ssd.jpl.nasa.gov/tools/sbdb_lookup.html#/?sstr=54416964
54418266,(2023 YP1),0.37,False,2024-01-15,19.32,23656452.94,https://ssd.jpl.nasa.gov/tools/sbdb_lookup.html#/?sstr=54418266
54419697,(2024 AT2),0.01,False,2024-01-15,8.74,1434550.09,https://ssd.jpl.nasa.gov/tools/sbdb_lookup.html#/?sstr=54419697
54419808,(2024 AD3),0.28,False,2024-01-15,10.31,62450039.08,https://ssd.jpl.nasa.gov/tools/sbdb_lookup.html#/?sstr=54419808
54419818,(2024 AN3),0.04,False,2024-01-15,9.44,9565774.61,https://ssd.jpl.nasa.gov/tools/sbdb_lookup.html#/?sstr=54419818
54427461,(2024 BA16),0.01,False,2024-01-15,8.94,140009.71,https://ssd.jpl.nasa.gov/tools/sbdb_lookup.html#/?sstr=54427461
2670011,670011 (2013 EH89),0.41,False,2024-01-15,9.49,15343807.68,https://ssd.jpl.nasa.gov/tools/sbdb_lookup.html#/?sstr=2670011
54445919,(2024 LK1),0.07,False,2024-01-15,18.56,58648738.04,https://ssd.jpl.nasa.gov/tools/sbdb_lookup.html#/?sstr=54445919
3009717,(1997 AC11),0.31,False,2024-01-17,16.24,38744736.0,https://ssd.jpl.nasa.gov/tools/sbdb_lookup.html#/?sstr=3009717
3623683,(2013 AG53),0.05,False,2024-01-17,10.98,47526576.51,https://ssd.jpl.nasa.gov/tools/sbdb_lookup.html#/?sstr=3623683
3625334,(2013 BB70),0.07,False,2024-01-17,11.2,8713577.87,https://ssd.jpl.nasa.gov/tools/sbdb_lookup.html#/?sstr=3625334
3752802,(2016 JN6),0.03,False,2024-01-17,4.8,57312730.87,https://ssd.jpl.nasa.gov/tools/sbdb_lookup.html#/?sstr=3752802
54101667,(2020 YA2),0.01,False,2024-01-17,19.58,66021312.62,https://ssd.jpl.nasa.gov/tools/sbdb_lookup.html#/?sstr=54101667
54103879,(2021 AA),0.02,False,2024-01-17,33.83,59433743.86,https://ssd.jpl.nasa.gov/tools/sbdb_lookup.html#/?sstr=54103879
54165800,(2021 NM),0.02,False,2024-01-17,20.28,73147519.86,https://ssd.jpl.nasa.gov/tools/sbdb_lookup.html#/?sstr=54165800
54340106,(2023 BE4),0.03,False,2024-01-17,15.91,10395738.47,https://ssd.jpl.nasa.gov/tools/sbdb_lookup.html#/?sstr=54340106
54341464,(2023 CD1),0.08,False,2024-01-17,12.35,72682987.63,https://ssd.jpl.nasa.gov/tools/sbdb_lookup.html#/?sstr=54341464
54352304,(2023 FQ4),0.01,False,2024-01-17,7.29,46622164.65,https://ssd.jpl.nasa.gov/tools/sbdb_lookup.html#/?sstr=54352304
54406859,(2023 WY),0.21,False,2024-01-17,11.1,27943073.06,https://ssd.jpl.nasa.gov/tools/sbdb_lookup.html#/?sstr=54406859
54420790,(2024 AV4),0.04,False,2024-01-17,15.47,3319016.51,https://ssd.jpl.nasa.gov/tools/sbdb_lookup.html#/?sstr=54420790
54421064,(2024 BB),0.03,False,2024-01-17,16.98,4035773.8,https://ssd.jpl.nasa.gov/tools/sbdb_lookup.html#/?sstr=54421064
54421646,(2024 BS1),0.01,False,2024-01-17,16.43,1188438.02,https://ssd.jpl.nasa.gov/tools/sbdb_lookup.html#/?sstr=54421646
54423314,(2024 BV4),0.09,False,2024-01-17,15.88,10235839.47,https://ssd.jpl.nasa.gov/tools/sbdb_lookup.html#/?sstr=54423314
2042286,42286 (2001 TN41),2.01,False,2024-01-16,9.87,72441875.49,https://ssd.jpl.nasa.gov/tools/sbdb_lookup.html#/?sstr=2042286
2508767,508767 (1993 BD2),0.99,False,2024-01-16,12.85,74157207.34,https://ssd.jpl.nasa.gov/tools/sbdb_lookup.html#/?sstr=2508767
3555069,(2010 XY82),0.63,False,2024-01-16,14.95,45063985.4,https://ssd.jpl.nasa.gov/tools/sbdb_lookup.html#/?sstr=3555069
3595919,(2012 BN1),0.03,False,2024-01-16,4.55,10568966.91,https://ssd.jpl.nasa.gov/tools/sbdb_lookup.html#/?sstr=3595919
3771633,(2017 FZ2),0.02,False,2024-01-16,7.56,43006441.98,https://ssd.jpl.nasa.gov/tools/sbdb_lookup.html#/?sstr=3771633
3837793,(2019 AC9),0.03,False,2024-01-16,8.76,8383329.1,https://ssd.jpl.nasa.gov/tools/sbdb_lookup.html#/?sstr=3837793
54110699,(2021 CZ2),0.14,False,2024-01-16,14.36,2990606.58,https://ssd.jpl.nasa.gov/tools/sbdb_lookup.html#/?sstr=54110699
54203026,(2021 TE3),0.01,False,2024-01-16,21.08,73336422.57,https://ssd.jpl.nasa.gov/tools/sbdb_lookup.html#/?sstr=54203026
54336061,(2022 YF2),0.11,False,2024-01-16,11.79,20835115.11,https://ssd.jpl.nasa.gov/tools/sbdb_lookup.html#/?sstr=54336061
54339976,(2023 BL2),0.01,False,2024-01-16,18.64,44168716.42,https://ssd.jpl.nasa.gov/tools/sbdb_lookup.html#/?sstr=54339976
54419699,(2024 AU2),0.14,False,2024-01-16,18.43,14899734.33,https://ssd.jpl.nasa.gov/tools/sbdb_lookup.html#/?sstr=54419699
54419806,(2024 AB3),0.02,False,2024-01-16,19.18,2923141.75,https://ssd.jpl.nasa.gov/tools/sbdb_lookup.html#/?sstr=54419806
54419819,(2024 AO3),0.06,False,2024-01-16,10.01,23589761.74,https://ssd.jpl.nasa.gov/tools/sbdb_lookup.html#/?sstr=54419819
54420445,(2024 AH4),0.03,False,2024-01-16,8.79,5921972.98,https://ssd.jpl.nasa.gov/tools/sbdb_lookup.html#/?sstr=54420445
54421385,(2024 BZ),0.02,False,2024-01-16,5.6,3888545.92,https://ssd.jpl.nasa.gov/tools/sbdb_lookup.html#/?sstr=54421385
54421391,(2024 BH1),0.03,False,2024-01-16,19.59,2847988.88,https://ssd.jpl.nasa.gov/tools/sbdb_lookup.html#/?sstr=54421391
54427184,(2024 CM8),0.19,False,2024-01-16,18.46,18567342.22,https://ssd.jpl.nasa.gov/tools/sbdb_lookup.html#/?sstr=54427184
2264357,264357 (2000 AZ93),0.25,True,2024-01-19,24.01,72841929.28,https://ssd.jpl.nasa.gov/tools/sbdb_lookup.html#/?sstr=2264357
2308041,308041 (2004 TN),0.69,False,2024-01-19,12.17,35395665.41,https://ssd.jpl.nasa.gov/tools/sbdb_lookup.html#/?sstr=2308041
3440320,(2008 WL60),1.12,False,2024-01-19,10.74,54627067.25,https://ssd.jpl.nasa.gov/tools/sbdb_lookup.html#/?sstr=3440320
3484044,(2009 YV6),0.29,False,2024-01-19,8.29,67194176.66,https://ssd.jpl.nasa.gov/tools/sbdb_lookup.html#/?sstr=3484044
3554011,(2010 XX72),0.17,False,2024-01-19,19.94,54861155.64,https://ssd.jpl.nasa.gov/tools/sbdb_lookup.html#/?sstr=3554011
3599866,(2012 DK31),0.17,True,2024-01-19,25.73,56199169.91,https://ssd.jpl.nasa.gov/tools/sbdb_lookup.html#/?sstr=3599866
3739413,(2016 AU65),0.12,False,2024-01-19,12.47,31960737.23,https://ssd.jpl.nasa.gov/tools/sbdb_lookup.html#/?sstr=3739413
3739414,(2016 AW65),0.06,False,2024-01-19,5.08,19866194.72,https://ssd.jpl.nasa.gov/tools/sbdb_lookup.html#/?sstr=3739414
3781443,(2017 RD15),0.51,False,2024-01-19,9.39,27698332.78,https://ssd.jpl.nasa.gov/tools/sbdb_lookup.html#/?sstr=3781443
54016545,(2020 HF),0.04,False,2024-01-19,18.59,51119414.22,https://ssd.jpl.nasa.gov/tools/sbdb_lookup.html#/?sstr=54016545
54106083,(2021 BA),0.03,False,2024-01-19,7.77,14107721.13,https://ssd.jpl.nasa.gov/tools/sbdb_lookup.html#/?sstr=54106083
54408023,(2023 WH2),0.2,False,2024-01-19,6.86,23638713.71,https://ssd.jpl.nasa.gov/tools/sbdb_lookup.html#/?sstr=54408023
54415871,(2023 XA8),0.12,False,2024-01-19,9.71,10353028.35,https://ssd.jpl.nasa.gov/tools/sbdb_lookup.html#/?sstr=54415871
54419694,(2024 AP2),0.05,False,2024-01-19,5.89,1542090.25,https://ssd.jpl.nasa.gov/tools/sbdb_lookup.html#/?sstr=54419694
54419809,(2024 AE3),0.05,False,2024-01-19,7.52,4233297.46,https://ssd.jpl.nasa.gov/tools/sbdb_lookup.html#/?sstr=54419809
54421066,(2024 BD),0.04,False,2024-01-19,22.51,2734991.69,https://ssd.jpl.nasa.gov/tools/sbdb_lookup.html#/?sstr=54421066
54426467,(2024 CA4),0.03,False,2024-01-19,10.48,6254151.35,https://ssd.jpl.nasa.gov/tools/sbdb_lookup.html#/?sstr=54426467
2523657,523657 (2012 DJ4),0.36,False,2024-01-18,4.16,65624920.26,https://ssd.jpl.nasa.gov/tools/sbdb_lookup.html#/?sstr=2523657
3077026,(2001 KM20),0.07,False,2024-01-18,8.09,67109929.92,https://ssd.jpl.nasa.gov/tools/sbdb_lookup.html#/?sstr=3077026
3252917,(2004 RQ252),0.14,False,2024-01-18,11.91,46960953.4,https://ssd.jpl.nasa.gov/tools/sbdb_lookup.html#/?sstr=3252917
3255980,(2004 TP1),0.31,True,2024-01-18,9.26,33871388.81,https://ssd.jpl.nasa.gov/tools/sbdb_lookup.html#/?sstr=3255980
3283227,(2005 MR5),0.39,False,2024-01-18,20.83,64144522.92,https://ssd.jpl.nasa.gov/tools/sbdb_lookup.html#/?sstr=3283227
3370286,(2007 EV),0.04,False,2024-01-18,8.8,63388576.58,https://ssd.jpl.nasa.gov/tools/sbdb_lookup.html#/?sstr=3370286
3792468,(2017 YH),1.02,False,2024-01-18,11.61,27297254.4,https://ssd.jpl.nasa.gov/tools/sbdb_lookup.html#/?sstr=3792468
3837826,(2019 AM10),0.04,False,2024-01-18,3.48,17293438.82,https://ssd.jpl.nasa.gov/tools/sbdb_lookup.html#/?sstr=3837826
54111251,(2021 CO3),0.03,False,2024-01-18,11.34,48746443.17,https://ssd.jpl.nasa.gov/tools/sbdb_lookup.html#/?sstr=54111251
54265872,(2022 FF2),0.1,False,2024-01-18,11.06,50318670.39,https://ssd.jpl.nasa.gov/tools/sbdb_lookup.html#/?sstr=54265872
2612856,612856 (2004 TP1),0.3,True,2024-01-18,9.26,33871389.26,https://ssd.jpl.nasa.gov/tools/sbdb_lookup.html#/?sstr=2612856
54375409,(2023 OF),0.05,False,2024-01-18,8.22,60370702.49,https://ssd.jpl.nasa.gov/tools/sbdb_lookup.html#/?sstr=54375409
54376545,(2023 OF6),0.5,True,2024-01-18,24.21,73221067.08,https://ssd.jpl.nasa.gov/tools/sbdb_lookup.html#/?sstr=54376545
54419181,(2023 YH2),0.14,False,2024-01-18,7.25,22050765.86,https://ssd.jpl.nasa.gov/tools/sbdb_lookup.html#/?sstr=54419181
54421390,(2024 BG1),0.47,False,2024-01-18,22.76,61561576.17,https://ssd.jpl.nasa.gov/tools/sbdb_lookup.html#/?sstr=54421390
54421650,(2024 BW1),0.04,False,2024-01-18,4.98,2489928.65,https://ssd.jpl.nasa.gov/tools/sbdb_lookup.html#/?sstr=54421650
54421912,(2024 BA2),0.08,False,2024-01-18,9.19,24287735.81,https://ssd.jpl.nasa.gov/tools/sbdb_lookup.html#/?sstr=54421912
54423511,(2024 CD),0.03,False,2024-01-18,10.17,3351822.54,https://ssd.jpl.nasa.gov/tools/sbdb_lookup.html#/?sstr=54423511
2678861,678861 (2017 YH),1.02,False,2024-01-18,11.61,27297253.58,https://ssd.jpl.nasa.gov/tools/sbdb_lookup.html#/?sstr=2678861
2001685,1685 Toro (1948 OA),5.99,False,2024-01-20,16.17,19905935.69,https://ssd.jpl.nasa.gov/tools/sbdb_lookup.html#/?sstr=2001685
2483508,483508 (2003 CR1),0.43,True,2024-01-20,11.91,12757787.94,https://ssd.jpl.nasa.gov/tools/sbdb_lookup.html#/?sstr=2483508
3327141,(2006 EW52),0.14,False,2024-01-20,6.71,60209776.38,https://ssd.jpl.nasa.gov/tools/sbdb_lookup.html#/?sstr=3327141
3596145,(2012 BV26),0.16,False,2024-01-20,11.12,35399473.78,https://ssd.jpl.nasa.gov/tools/sbdb_lookup.html#/?sstr=3596145
3732669,(2015 UH52),0.03,False,2024-01-20,11.67,12542782.25,https://ssd.jpl.nasa.gov/tools/sbdb_lookup.html#/?sstr=3732669
3825180,(2018 LM4),0.77,False,2024-01-20,17.98,34398918.08,https://ssd.jpl.nasa.gov/tools/sbdb_lookup.html#/?sstr=3825180
54051316,(2020 QT3),0.53,False,2024-01-20,26.07,34706013.8,https://ssd.jpl.nasa.gov/tools/sbdb_lookup.html#/?sstr=54051316
54087575,(2020 UG7),0.56,False,2024-01-20,12.34,58076613.12,https://ssd.jpl.nasa.gov/tools/sbdb_lookup.html#/?sstr=54087575
54100694,(2020 YT),0.03,False,2024-01-20,23.97,65712118.37,https://ssd.jpl.nasa.gov/tools/sbdb_lookup.html#/?sstr=54100694
54278317,(2022 JL1),0.02,False,2024-01-20,14.36,62984797.63,https://ssd.jpl.nasa.gov/tools/sbdb_lookup.html#/?sstr=54278317
54415869,(2023 XX7),0.06,False,2024-01-20,6.26,7823906.95,https://ssd.jpl.nasa.gov/tools/sbdb_lookup.html#/?sstr=54415869
54421065,(2024 BC),0.02,False,2024-01-20,18.89,847089.68,https://ssd.jpl.nasa.gov/tools/sbdb_lookup.html#/?sstr=54421065
54421077,(2024 BL),0.02,False,2024-01-20,18.84,1790567.8,https://ssd.jpl.nasa.gov/tools/sbdb_lookup.html#/?sstr=54421077
54421644,(2024 BQ1),0.0,False,2024-01-20,6.6,345215.23,https://ssd.jpl.nasa.gov/tools/sbdb_lookup.html#/?sstr=54421644
54422164,(2024 BU2),0.1,False,2024-01-20,7.52,13553751.73,https://ssd.jpl.nasa.gov/tools/sbdb_lookup.html#/?sstr=54422164
2068350,68350 (2001 MK3),2.54,False,2024-01-21,16.56,60922713.68,https://ssd.jpl.nasa.gov/tools/sbdb_lookup.html#/?sstr=2068350
3295786,(2005 UL),0.75,False,2024-01-21,21.93,64200891.37,https://ssd.jpl.nasa.gov/tools/sbdb_lookup.html#/?sstr=3295786
3432638,(2008 UQ),0.23,False,2024-01-21,13.9,31713416.09,https://ssd.jpl.nasa.gov/tools/sbdb_lookup.html#/?sstr=3432638
3574783,(2011 PS),0.36,True,2024-01-21,22.5,57653328.64,https://ssd.jpl.nasa.gov/tools/sbdb_lookup.html#/?sstr=3574783
3771019,(2017 ED3),0.06,False,2024-01-21,6.05,17081994.55,https://ssd.jpl.nasa.gov/tools/sbdb_lookup.html#/?sstr=3771019
3789676,(2017 WA15),0.73,False,2024-01-21,20.58,30088354.43,https://ssd.jpl.nasa.gov/tools/sbdb_lookup.html#/?sstr=3789676
3837859,(2019 AN11),0.04,False,2024-01-21,18.79,57543127.92,https://ssd.jpl.nasa.gov/tools/sbdb_lookup.html#/?sstr=3837859
54375772,(2023 OW1),0.15,False,2024-01-21,6.9,54138311.25,https://ssd.jpl.nasa.gov/tools/sbdb_lookup.html#/?sstr=54375772
54380886,(2023 RB2),0.18,False,2024-01-21,12.17,69771966.3,https://ssd.jpl.nasa.gov/tools/sbdb_lookup.html#/?sstr=54380886
54416590,(2023 XX11),0.28,False,2024-01-21,14.36,31598808.48,https://ssd.jpl.nasa.gov/tools/sbdb_lookup.html#/?sstr=54416590
54416852,(2023 XQ13),0.14,False,2024-01-21,11.37,11131375.95,https://ssd.jpl.nasa.gov/tools/sbdb_lookup.html#/?sstr=54416852
54419608,(2024 AH2),0.08,False,2024-01-21,5.34,10767899.21,https://ssd.jpl.nasa.gov/tools/sbdb_lookup.html#/?sstr=54419608
54421388,(2024 BE1),0.01,False,2024-01-21,9.77,815119.31,https://ssd.jpl.nasa.gov/tools/sbdb_lookup.html#/?sstr=54421388
54423146,(2024 BO4),0.12,False,2024-01-21,9.54,20814180.07,https://ssd.jpl.nasa.gov/tools/sbdb_lookup.html#/?sstr=54423146
54423786,(2024 CL),0.04,False,2024-01-21,13.34,4945092.69,https://ssd.jpl.nasa.gov/tools/sbdb_lookup.html#/?sstr=54423786
54426240,(2024 CF3),0.02,False,2024-01-21,4.37,3216954.29,https://ssd.jpl.nasa.gov/tools/sbdb_lookup.html#/?sstr=54426240
3459797,(2009 JM2),0.58,False,2024-01-24,19.86,61504800.65,https://ssd.jpl.nasa.gov/tools/sbdb_lookup.html#/?sstr=3459797
3597098,(2012 BE124),0.58,False,2024-01-24,39.73,39194790.16,https://ssd.jpl.nasa.gov/tools/sbdb_lookup.html#/?sstr=3597098
3704075,(2014 YP44),0.03,False,2024-01-24,8.98,24152404.66,https://ssd.jpl.nasa.gov/tools/sbdb_lookup.html#/?sstr=3704075
3736807,(2015 YA),0.01,False,2024-01-24,6.89,35927976.42,https://ssd.jpl.nasa.gov/tools/sbdb_lookup.html#/?sstr=3736807
3738971,(2015 YE2),0.04,False,2024-01-24,6.91,29985059.87,https://ssd.jpl.nasa.gov/tools/sbdb_lookup.html#/?sstr=3738971
3739078,(2015 YM10),0.47,False,2024-01-24,32.59,41481353.02,https://ssd.jpl.nasa.gov/tools/sbdb_lookup.html#/?sstr=3739078
3893720,(2019 WP4),0.06,False,2024-01-24,10.64,74365305.26,https://ssd.jpl.nasa.gov/tools/sbdb_lookup.html#/?sstr=3893720
54054332,(2020 RA7),0.02,False,2024-01-24,12.87,32846662.14,https://ssd.jpl.nasa.gov/tools/sbdb_lookup.html#/?sstr=54054332
54106085,(2021 BC),0.06,False,2024-01-24,16.61,23770828.62,https://ssd.jpl.nasa.gov/tools/sbdb_lookup.html#/?sstr=54106085
54282205,(2022 LK1),0.1,False,2024-01-24,17.4,64555448.14,https://ssd.jpl.nasa.gov/tools/sbdb_lookup.html#/?sstr=54282205
54314207,(2022 TX1),0.08,False,2024-01-24,11.09,23299528.89,https://ssd.jpl.nasa.gov/tools/sbdb_lookup.html#/?sstr=54314207
54341459,(2023 CY),0.02,False,2024-01-24,10.1,54016655.66,https://ssd.jpl.nasa.gov/tools/sbdb_lookup.html#/?sstr=54341459
54412464,(2023 XM),0.28,False,2024-01-24,15.94,43865086.1,https://ssd.jpl.nasa.gov/tools/sbdb_lookup.html#/?sstr=54412464
54421652,(2024 AL6),0.03,False,2024-01-24,27.02,2088880.06,https://ssd.jpl.nasa.gov/tools/sbdb_lookup.html#/?sstr=54421652
54421396,(2024 BN1),0.03,False,2024-01-24,7.11,13535870.28,https://ssd.jpl.nasa.gov/tools/sbdb_lookup.html#/?sstr=54421396
54423049,(2024 BQ3),0.02,False,2024-01-24,8.66,1837874.43,https://ssd.jpl.nasa.gov/tools/sbdb_lookup.html#/?sstr=54423049
54423054,(2024 BW3),0.04,False,2024-01-24,5.39,15818431.76,https://ssd.jpl.nasa.gov/tools/sbdb_lookup.html#/?sstr=54423054
54423055,(2024 BY3),0.07,False,2024-01-24,2.45,41861228.58,https://ssd.jpl.nasa.gov/tools/sbdb_lookup.html#/?sstr=54423055
54423145,(2024 BN4),0.06,False,2024-01-24,9.43,16492510.54,https://ssd.jpl.nasa.gov/tools/sbdb_lookup.html#/?sstr=54423145
54426228,(2024 CV2),0.13,False,2024-01-24,16.61,28784248.6,https://ssd.jpl.nasa.gov/tools/sbdb_lookup.html#/?sstr=54426228
2524391,524391 (2002 AD2),0.33,False,2024-01-23,19.75,45129680.92,https://ssd.jpl.nasa.gov/tools/sbdb_lookup.html#/?sstr=2524391
3172327,(2004 BH11),0.07,False,2024-01-23,4.91,47266712.25,https://ssd.jpl.nasa.gov/tools/sbdb_lookup.html#/?sstr=3172327
3709250,(2015 BY512),0.22,False,2024-01-23,17.7,46887872.53,https://ssd.jpl.nasa.gov/tools/sbdb_lookup.html#/?sstr=3709250
3795107,(2017 YL6),0.12,False,2024-01-23,16.35,33008101.99,https://ssd.jpl.nasa.gov/tools/sbdb_lookup.html#/?sstr=3795107
3843536,(2019 PM2),0.19,False,2024-01-23,21.3,73075824.14,https://ssd.jpl.nasa.gov/tools/sbdb_lookup.html#/?sstr=3843536
3989188,(2020 BJ8),0.06,False,2024-01-23,17.15,33661907.64,https://ssd.jpl.nasa.gov/tools/sbdb_lookup.html#/?sstr=3989188
54051346,(2020 QR4),0.06,False,2024-01-23,18.21,62709632.87,https://ssd.jpl.nasa.gov/tools/sbdb_lookup.html#/?sstr=54051346
54107794,(2021 BL3),0.05,False,2024-01-23,23.39,6597084.87,https://ssd.jpl.nasa.gov/tools/sbdb_lookup.html#/?sstr=54107794
54239783,(2022 BS),0.07,False,2024-01-23,22.04,23794004.5,https://ssd.jpl.nasa.gov/tools/sbdb_lookup.html#/?sstr=54239783
54246385,(2022 CZ4),0.07,False,2024-01-23,2.26,55395799.04,https://ssd.jpl.nasa.gov/tools/sbdb_lookup.html#/?sstr=54246385
54265620,(2022 FH1),0.06,False,2024-01-23,3.68,69868835.11,https://ssd.jpl.nasa.gov/tools/sbdb_lookup.html#/?sstr=54265620
54349273,(2023 EY2),0.48,False,2024-01-23,25.03,66049996.31,https://ssd.jpl.nasa.gov/tools/sbdb_lookup.html#/?sstr=54349273
54375585,(2023 OS),0.06,False,2024-01-23,11.64,49179660.05,https://ssd.jpl.nasa.gov/tools/sbdb_lookup.html#/?sstr=54375585
54404083,(2023 VO5),0.24,True,2024-01-23,12.33,39007744.89,https://ssd.jpl.nasa.gov/tools/sbdb_lookup.html#/?sstr=54404083
54416963,(2023 XV14),0.12,False,2024-01-23,1.55,25240109.81,https://ssd.jpl.nasa.gov/tools/sbdb_lookup.html#/?sstr=54416963
54417552,(2023 YL),0.26,True,2024-01-23,19.13,35143304.74,https://ssd.jpl.nasa.gov/tools/sbdb_lookup.html#/?sstr=54417552
54421079,(2024 BN),0.04,False,2024-01-23,12.87,9463444.27,https://ssd.jpl.nasa.gov/tools/sbdb_lookup.html#/?sstr=54421079
54421386,(2024 BA1),0.02,False,2024-01-23,6.38,3271794.61,https://ssd.jpl.nasa.gov/tools/sbdb_lookup.html#/?sstr=54421386
54423053,(2024 BV3),0.02,False,2024-01-23,12.82,3436066.67,https://ssd.jpl.nasa.gov/tools/sbdb_lookup.html#/?sstr=54423053
54423136,(2024 BZ3),0.01,False,2024-01-23,5.71,938167.39,https://ssd.jpl.nasa.gov/tools/sbdb_lookup.html#/?sstr=54423136
54423783,(2024 CJ),0.04,False,2024-01-23,6.42,3605748.9,https://ssd.jpl.nasa.gov/tools/sbdb_lookup.html#/?sstr=54423783
54423946,(2024 CC1),0.06,False,2024-01-23,3.09,19105860.21,https://ssd.jpl.nasa.gov/tools/sbdb_lookup.html#/?sstr=54423946
54439420,(2024 JQ),0.04,False,2024-01-23,4.36,28725786.39,https://ssd.jpl.nasa.gov/tools/sbdb_lookup.html#/?sstr=54439420
2163693,163693 Atira (2003 CP20),2.25,False,2024-01-26,17.37,33600363.54,https://ssd.jpl.nasa.gov/tools/sbdb_lookup.html#/?sstr=2163693
3471216,(2009 TQ),0.03,False,2024-01-26,13.45,55021576.85,https://ssd.jpl.nasa.gov/tools/sbdb_lookup.html#/?sstr=3471216
3556206,(2011 CQ1),0.0,False,2024-01-26,4.62,4328877.11,https://ssd.jpl.nasa.gov/tools/sbdb_lookup.html#/?sstr=3556206
3596262,(2012 BX34),0.01,False,2024-01-26,18.5,44118483.51,https://ssd.jpl.nasa.gov/tools/sbdb_lookup.html#/?sstr=3596262
3673977,(2014 MA18),0.03,False,2024-01-26,13.33,55737019.62,https://ssd.jpl.nasa.gov/tools/sbdb_lookup.html#/?sstr=3673977
3705040,(2015 BA93),0.26,False,2024-01-26,12.51,28613287.0,https://ssd.jpl.nasa.gov/tools/sbdb_lookup.html#/?sstr=3705040
3767310,(2017 BU32),0.02,False,2024-01-26,14.42,36164281.73,https://ssd.jpl.nasa.gov/tools/sbdb_lookup.html#/?sstr=3767310
3836251,(2018 VB10),0.03,False,2024-01-26,5.62,42059665.92,https://ssd.jpl.nasa.gov/tools/sbdb_lookup.html#/?sstr=3836251
54145460,(2021 JG6),0.07,False,2024-01-26,17.25,63249292.27,https://ssd.jpl.nasa.gov/tools/sbdb_lookup.html#/?sstr=54145460
54294032,(2022 PK1),0.04,False,2024-01-26,10.18,28585644.32,https://ssd.jpl.nasa.gov/tools/sbdb_lookup.html#/?sstr=54294032
54382905,(2023 RN9),0.01,False,2024-01-26,5.62,36385784.39,https://ssd.jpl.nasa.gov/tools/sbdb_lookup.html#/?sstr=54382905
54408199,(2023 WY2),0.71,False,2024-01-26,13.05,68849075.69,https://ssd.jpl.nasa.gov/tools/sbdb_lookup.html#/?sstr=54408199
54422950,(2024 BC3),0.16,False,2024-01-26,17.89,7422276.81,https://ssd.jpl.nasa.gov/tools/sbdb_lookup.html#/?sstr=54422950
54423318,(2024 BA5),0.03,False,2024-01-26,8.78,2766491.43,https://ssd.jpl.nasa.gov/tools/sbdb_lookup.html#/?sstr=54423318
54423504,(2024 CA),0.06,False,2024-01-26,3.84,31417759.48,https://ssd.jpl.nasa.gov/tools/sbdb_lookup.html#/?sstr=54423504
54426232,(2024 CY2),0.03,False,2024-01-26,4.84,15360161.06,https://ssd.jpl.nasa.gov/tools/sbdb_lookup.html#/?sstr=54426232
54428583,(2024 DS1),0.35,False,2024-01-26,17.35,40247464.69,https://ssd.jpl.nasa.gov/tools/sbdb_lookup.html#/?sstr=54428583
2418265,418265 (2008 EA32),2.18,False,2024-01-25,18.73,62161537.59,https://ssd.jpl.nasa.gov/tools/sbdb_lookup.html#/?sstr=2418265
2505657,505657 (2014 SR339),0.87,True,2024-01-25,16.47,63956600.38,https://ssd.jpl.nasa.gov/tools/sbdb_lookup.html#/?sstr=2505657
3620469,(2012 XS93),0.44,False,2024-01-25,26.07,15888845.74,https://ssd.jpl.nasa.gov/tools/sbdb_lookup.html#/?sstr=3620469
3743896,(2016 CM246),0.33,False,2024-01-25,30.75,26961837.4,https://ssd.jpl.nasa.gov/tools/sbdb_lookup.html#/?sstr=3743896
3767316,(2017 BN91),0.05,False,2024-01-25,11.35,21545932.53,https://ssd.jpl.nasa.gov/tools/sbdb_lookup.html#/?sstr=3767316
3767322,(2017 BG92),0.01,False,2024-01-25,6.29,4502103.24,https://ssd.jpl.nasa.gov/tools/sbdb_lookup.html#/?sstr=3767322
3838041,(2019 BV3),0.04,False,2024-01-25,15.51,28419988.24,https://ssd.jpl.nasa.gov/tools/sbdb_lookup.html#/?sstr=3838041
3989284,(2020 BW12),0.03,False,2024-01-25,12.69,46520517.76,https://ssd.jpl.nasa.gov/tools/sbdb_lookup.html#/?sstr=3989284
54106310,(2021 BZ),0.05,False,2024-01-25,16.77,20133799.47,https://ssd.jpl.nasa.gov/tools/sbdb_lookup.html#/?sstr=54106310
54161317,(2021 LL15),0.02,False,2024-01-25,13.04,52320229.89,https://ssd.jpl.nasa.gov/tools/sbdb_lookup.html#/?sstr=54161317
54213623,(2021 UL4),0.06,False,2024-01-25,11.32,28021728.0,https://ssd.jpl.nasa.gov/tools/sbdb_lookup.html#/?sstr=54213623
54340314,(2023 BP6),0.07,False,2024-01-25,13.71,28341602.61,https://ssd.jpl.nasa.gov/tools/sbdb_lookup.html#/?sstr=54340314
54351256,(2023 FS2),0.11,False,2024-01-25,9.34,61459965.61,https://ssd.jpl.nasa.gov/tools/sbdb_lookup.html#/?sstr=54351256
54421914,(2024 BD2),0.08,False,2024-01-25,12.77,19424897.61,https://ssd.jpl.nasa.gov/tools/sbdb_lookup.html#/?sstr=54421914
54423323,(2024 BF5),0.04,False,2024-01-25,12.3,5875694.09,https://ssd.jpl.nasa.gov/tools/sbdb_lookup.html#/?sstr=54423323
54423509,(2024 CC),0.04,False,2024-01-25,5.87,3916548.28,https://ssd.jpl.nasa.gov/tools/sbdb_lookup.html#/?sstr=54423509
54427940,(2024 DU),0.24,False,2024-01-25,16.76,46327165.25,https://ssd.jpl.nasa.gov/tools/sbdb_lookup.html#/?sstr=54427940
2152742,152742 (1998 XE12),0.65,False,2024-01-28,24.95,17412222.05,https://ssd.jpl.nasa.gov/tools/sbdb_lookup.html#/?sstr=2152742
2175706,175706 (1996 FG3),0.93,True,2024-01-28,9.85,63027270.99,https://ssd.jpl.nasa.gov/tools/sbdb_lookup.html#/?sstr=2175706
2476904,476904 (2008 WK32),0.65,False,2024-01-28,13.79,44267980.7,https://ssd.jpl.nasa.gov/tools/sbdb_lookup.html#/?sstr=2476904
3596682,(2012 BL77),0.09,False,2024-01-28,30.01,63116189.03,https://ssd.jpl.nasa.gov/tools/sbdb_lookup.html#/?sstr=3596682
3769438,(2017 BG136),0.03,False,2024-01-28,18.79,57501280.13,https://ssd.jpl.nasa.gov/tools/sbdb_lookup.html#/?sstr=3769438
54240420,(2022 BM4),0.32,False,2024-01-28,28.4,51319498.69,https://ssd.jpl.nasa.gov/tools/sbdb_lookup.html#/?sstr=54240420
54305658,(2022 SR4),0.03,False,2024-01-28,9.23,40961834.29,https://ssd.jpl.nasa.gov/tools/sbdb_lookup.html#/?sstr=54305658
54341646,(2023 DA),0.02,False,2024-01-28,3.96,21642004.81,https://ssd.jpl.nasa.gov/tools/sbdb_lookup.html#/?sstr=54341646
54382906,(2023 RO9),0.03,False,2024-01-28,9.5,58396506.13,https://ssd.jpl.nasa.gov/tools/sbdb_lookup.html#/?sstr=54382906
54403793,(2023 VV3),0.15,False,2024-01-28,12.11,23258289.95,https://ssd.jpl.nasa.gov/tools/sbdb_lookup.html#/?sstr=54403793
54419015,(2024 AQ),0.26,True,2024-01-28,14.5,17013127.32,https://ssd.jpl.nasa.gov/tools/sbdb_lookup.html#/?sstr=54419015
54420626,(2024 AP4),0.29,True,2024-01-28,22.61,17923864.19,https://ssd.jpl.nasa.gov/tools/sbdb_lookup.html#/?sstr=54420626
54420789,(2024 AU4),0.1,False,2024-01-28,17.42,6306071.64,https://ssd.jpl.nasa.gov/tools/sbdb_lookup.html#/?sstr=54420789
54423047,(2024 BP3),0.01,False,2024-01-28,13.67,708455.02,https://ssd.jpl.nasa.gov/tools/sbdb_lookup.html#/?sstr=54423047
54423829,(2024 CR),0.02,False,2024-01-28,10.24,2599481.57,https://ssd.jpl.nasa.gov/tools/sbdb_lookup.html#/?sstr=54423829
54425948,(2024 CW1),0.02,False,2024-01-28,8.32,6522980.87,https://ssd.jpl.nasa.gov/tools/sbdb_lookup.html#/?sstr=54425948
54426080,(2024 CU2),0.09,False,2024-01-28,12.46,25022901.5,https://ssd.jpl.nasa.gov/tools/sbdb_lookup.html#/?sstr=54426080
54426239,(2024 CE3),0.04,False,2024-01-28,6.64,12842913.47,https://ssd.jpl.nasa.gov/tools/sbdb_lookup.html#/?sstr=54426239
54426477,(2024 CO4),0.02,False,2024-01-28,11.47,2994074.81,https://ssd.jpl.nasa.gov/tools/sbdb_lookup.html#/?sstr=54426477
54427938,(2024 BW17),0.08,False,2024-01-28,13.54,22106449.97,https://ssd.jpl.nasa.gov/tools/sbdb_lookup.html#/?sstr=54427938
2382825,382825 (2003 XB22),0.59,True,2024-01-27,15.84,61020855.94,https://ssd.jpl.nasa.gov/tools/sbdb_lookup.html#/?sstr=2382825
3512347,(2010 FC6),0.39,False,2024-01-27,19.45,74539243.2,https://ssd.jpl.nasa.gov/tools/sbdb_lookup.html#/?sstr=3512347
3624597,(2013 BV15),0.06,False,2024-01-27,14.45,31490506.65,https://ssd.jpl.nasa.gov/tools/sbdb_lookup.html#/?sstr=3624597
3768612,(2017 CG1),0.1,False,2024-01-27,3.62,64740200.1,https://ssd.jpl.nasa.gov/tools/sbdb_lookup.html#/?sstr=3768612
3785706,(2017 SY32),0.26,True,2024-01-27,14.16,73795966.24,https://ssd.jpl.nasa.gov/tools/sbdb_lookup.html#/?sstr=3785706
3797715,(2018 BX),0.01,False,2024-01-27,8.44,15074613.85,https://ssd.jpl.nasa.gov/tools/sbdb_lookup.html#/?sstr=3797715
54105101,(2021 AB4),0.02,False,2024-01-27,11.73,28654158.83,https://ssd.jpl.nasa.gov/tools/sbdb_lookup.html#/?sstr=54105101
54117570,(2021 CT6),0.09,False,2024-01-27,11.57,18799147.85,https://ssd.jpl.nasa.gov/tools/sbdb_lookup.html#/?sstr=54117570
54130039,(2021 ET),0.21,False,2024-01-27,15.7,18440669.09,https://ssd.jpl.nasa.gov/tools/sbdb_lookup.html#/?sstr=54130039
54132435,(2021 FK2),0.01,False,2024-01-27,15.48,65731030.52,https://ssd.jpl.nasa.gov/tools/sbdb_lookup.html#/?sstr=54132435
54195890,(2021 RP12),0.05,False,2024-01-27,18.37,47757806.11,https://ssd.jpl.nasa.gov/tools/sbdb_lookup.html#/?sstr=54195890
54202336,(2021 TG1),0.01,False,2024-01-27,20.47,63381902.96,https://ssd.jpl.nasa.gov/tools/sbdb_lookup.html#/?sstr=54202336
54225504,(2021 PL132),0.01,False,2024-01-27,12.24,16605060.83,https://ssd.jpl.nasa.gov/tools/sbdb_lookup.html#/?sstr=54225504
54239847,(2022 BN1),0.02,False,2024-01-27,17.22,67335988.8,https://ssd.jpl.nasa.gov/tools/sbdb_lookup.html#/?sstr=54239847
54298756,(2016 FM151),0.11,False,2024-01-27,3.36,38594044.88,https://ssd.jpl.nasa.gov/tools/sbdb_lookup.html#/?sstr=54298756
54314209,(2022 TZ1),0.09,False,2024-01-27,37.6,72063770.5,https://ssd.jpl.nasa.gov/tools/sbdb_lookup.html#/?sstr=54314209
54382890,(2023 RA8),0.03,False,2024-01-27,6.45,32903459.07,https://ssd.jpl.nasa.gov/tools/sbdb_lookup.html#/?sstr=54382890
54383306,(2023 RA13),0.04,False,2024-01-27,3.15,18158487.5,https://ssd.jpl.nasa.gov/tools/sbdb_lookup.html#/?sstr=54383306
54421075,(2024 BJ),0.02,False,2024-01-27,6.35,353564.08,https://ssd.jpl.nasa.gov/tools/sbdb_lookup.html#/?sstr=54421075
54421389,(2024 BF1),0.09,False,2024-01-27,26.02,4018425.97,https://ssd.jpl.nasa.gov/tools/sbdb_lookup.html#/?sstr=54421389
54423138,(2024 BB4),0.03,False,2024-01-27,10.48,11886177.89,https://ssd.jpl.nasa.gov/tools/sbdb_lookup.html#/?sstr=54423138
54423311,(2024 BP4),0.02,False,2024-01-27,11.25,3012301.02,https://ssd.jpl.nasa.gov/tools/sbdb_lookup.html#/?sstr=54423311
54423320,(2024 BC5),0.05,False,2024-01-27,12.43,2579700.84,https://ssd.jpl.nasa.gov/tools/sbdb_lookup.html#/?sstr=54423320
54423321,(2024 BD5),0.07,False,2024-01-27,4.66,18571527.57,https://ssd.jpl.nasa.gov/tools/sbdb_lookup.html#/?sstr=54423321
54426235,(2024 CB3),0.04,False,2024-01-27,3.96,23370037.94,https://ssd.jpl.nasa.gov/tools/sbdb_lookup.html#/?sstr=54426235
54432468,(2024 FL5),0.23,False,2024-01-27,15.67,56170916.28,https://ssd.jpl.nasa.gov/tools/sbdb_lookup.html#/?sstr=54432468
2666360,666360 (2010 FC6),0.39,False,2024-01-27,19.45,74539243.69,https://ssd.jpl.nasa.gov/tools/sbdb_lookup.html#/?sstr=2666360
3183847,(2004 LO2),0.04,False,2024-01-22,19.14,47061356.28,https://ssd.jpl.nasa.gov/tools/sbdb_lookup.html#/?sstr=3183847
3557196,(2011 CC22),0.25,True,2024-01-22,17.9,59225836.66,https://ssd.jpl.nasa.gov/tools/sbdb_lookup.html#/?sstr=3557196
3790065,(2017 WT28),0.01,False,2024-01-22,3.87,13897421.32,https://ssd.jpl.nasa.gov/tools/sbdb_lookup.html#/?sstr=3790065
3838241,(2019 CF4),0.02,False,2024-01-22,15.23,61346269.38,https://ssd.jpl.nasa.gov/tools/sbdb_lookup.html#/?sstr=3838241
54101721,(2020 YK3),0.02,False,2024-01-22,6.59,9419521.89,https://ssd.jpl.nasa.gov/tools/sbdb_lookup.html#/?sstr=54101721
54212941,(2021 UB3),0.02,False,2024-01-22,16.62,54137889.1,https://ssd.jpl.nasa.gov/tools/sbdb_lookup.html#/?sstr=54212941
54418440,(2023 YU1),0.23,False,2024-01-22,21.4,19995160.08,https://ssd.jpl.nasa.gov/tools/sbdb_lookup.html#/?sstr=54418440
54421078,(2024 BM),0.02,False,2024-01-22,5.98,3034029.68,https://ssd.jpl.nasa.gov/tools/sbdb_lookup.html#/?sstr=54421078
54421917,(2024 BG2),0.02,False,2024-01-22,31.6,554989.4,https://ssd.jpl.nasa.gov/tools/sbdb_lookup.html#/?sstr=54421917
54422161,(2024 BR2),0.02,False,2024-01-22,4.04,292974.32,https://ssd.jpl.nasa.gov/tools/sbdb_lookup.html#/?sstr=54422161
54423141,(2024 BD4),0.02,False,2024-01-22,1.91,798313.19,https://ssd.jpl.nasa.gov/tools/sbdb_lookup.html#/?sstr=54423141
54423505,(2024 BX5),0.01,False,2024-01-22,2.81,6784260.56,https://ssd.jpl.nasa.gov/tools/sbdb_lookup.html#/?sstr=54423505
54426896,(2024 CZ6),0.04,False,2024-01-22,5.15,4024026.58,https://ssd.jpl.nasa.gov/tools/sbdb_lookup.html#/?sstr=54426896
54435211,(2023 HO36),0.0,False,2024-01-22,8.37,57384768.41,https://ssd.jpl.nasa.gov/tools/sbdb_lookup.html#/?sstr=54435211
